TypeofArea,others,hospital,petrol pump,bus stop,open area,market/commercial area,institutional area,residential area,Pedestrians Not Involved,Total calculated
Injury,70,24,57,247,647,469,41,907,7373,b2462
Fatality,112,23,54,286,716,440,53,847,2886,2531
RTA,154,39,94,459,1084,782,84,1465,5881,4161
Percentages-RTA,0.015335591,0.003883689,0.009360685,0.045708026,0.107946624,0.077872934,0.008364868,0.145887273,0.585640311,
